position,effective_radiation_temperature,epsilon_effective,spectral_radiance,flowgofluxradiationheat,flowgofluxconductionheat,characteristic_surface_temperature,flowgofluxforcedconvectionheat,heat_budget,channel_width,crystal_fraction,core_temperature,viscosity,yield_strength,density,mean_velocity,crust_temperature,effective_cover_fraction,dphi_dx,dtemp_dx,dphi_dtemp,current_time,dtemp_dt,slope,effusion_rate,channel_depth,tho_0,tho_b,flowgofluxviscousheating
0.0,1106.0331291928771,0.95,285.85267641608755,2579462.301699123,24421.13102350713,1097.9110549670588,224761.86698063702,2998877.163635173,32.0,0.1,1423.15,160.63882163207282,9.185172834459616,756.0000000000001,16.930229745805953,1074.0323501074204,0.8798599456219999,7.110716090695009e-06,-0.001476108474184455,0.004817204301075269,1.0,1.499451335860434,0.12808517594780866,1593.8795491891542,2.9419999999999975,9.185172834459616,2787.0463935912053,170231.86393190591
10.0,1083.4520028227043,0.95,249.7562808111696,2378181.100760162,24451.498794797775,1073.3050449955988,218165.55083629835,2791028.2996000955,32.04051974403676,0.10007110716090696,1423.1352389152582,160.84060911251933,9.203796216447909,756.0000000000001,16.90881908888578,1045.811541146059,0.880002375297365,6.617880212037226e-06,-0.0013738010261595134,0.004817204301075269,1.590659438775617,1.3937611809274113,0.12808517594780866,1593.8795491891542,2.9419999999999975,9.203796216447909,2787.0463935912053,170230.14920883763
20.0,1136.1367672031006,0.95,167.39152050515156,861913.8574764212,7328.7767821182215,1115.8916189367142,68961.056932963,1506806.3152385335,9.603614990801908,0.10013728596302733,1423.1215009049965,161.0286964992875,9.221150840998062,756.0000000000001,56.41285624055952,1026.5908244146058,0.6528021425933926,3.572827870795365e-06,-0.0007416807856785021,0.004817204301075269,2.1820667953409867,2.5104198923319943,0.4391625389136164,1593.8795491891542,2.9419999999999975,9.221150840998062,9277.008512548224,568602.624047031
30.0,1089.8003573282886,0.95,197.3309589482846,1413044.8672087698,14192.316949581616,1073.2398025832579,126622.76882673439,1847662.9236120477,18.597797036101444,0.10017301424173529,1423.1140840971398,161.13035479276294,9.230528992604048,756.0000000000001,29.130727193878347,1021.8418986437354,0.8023356057703718,4.381041891420097e-06,-0.0009094573569242611,0.004817204301075269,2.3593313528623665,1.5895892495415778,0.22181738529446332,1593.8795491891542,2.9419999999999975,9.230528992604048,4800.2268859956675,293802.9706269617
40.0,1039.3086285424288,0.95,267.1918795425109,3697364.164683634,44894.5014052262,1030.6203200929358,378667.1925256297,4213875.218171968,58.83116274247094,0.10021682466064949,1423.1049895235706,161.25511918420196,9.242037036832615,756.0000000000001,9.208849980363926,1013.5826434939165,0.9327492174504252,9.991629761092e-06,-0.0020741552852266876,0.004817204301075269,2.70261148910632,1.146035091457891,0.07009346995764348,1593.8795491891542,2.9419999999999975,9.242037036832615,1528.1125817667996,92949.35955747854
50.0,1019.1990888820982,0.95,250.38020441858185,3762011.889379667,49391.163148402826,1009.8399874812956,404868.9124300012,4300905.663995262,64.72579487543555,0.1003167409582604,1423.0842479707183,161.5401166950257,9.268317711574435,756.0000000000001,8.370192330714808,993.0465535322107,0.9386818697656307,1.0197989927823839e-05,-0.0021169934448384306,0.004817204301075269,3.7885234131058474,1.0631785377696092,0.06387241837183488,1593.8795491891542,2.9419999999999975,9.268317711574435,1392.6804962014837,84633.6990371916
60.0,1006.4307164954558,0.95,230.7862393806079,3365805.186067247,46473.405039416735,995.5114012229947,373347.38748216117,3875732.6633726642,60.904134909034624,0.10041872085753864,1423.0630780362699,161.83165186306573,9.295191149954217,756.0000000000001,8.895411660882548,976.3807086558526,0.934962074866435,9.189851103894343e-06,-0.0019077146264780667,0.004817204301075269,4.98323909046305,1.0181944160405514,0.06796957879089156,1593.8795491891542,2.9419999999999975,9.295191149954217,1481.8819271990458,90106.68478383982
70.0,971.5430008411691,0.95,364.9656289874613,13192998.301091893,209765.32513434323,967.3047802063951,1617536.3621338261,15040294.970807029,274.9088573934445,0.10051061936857758,1423.044000890005,162.09493213925407,9.31945125820716,756.0000000000001,1.9707162475686366,964.0123181003324,0.985211820406064,3.566243684622202e-05,-0.007403139791738053,0.004817204301075269,6.1074141574782015,0.8753692722360045,0.015570431322891813,1593.8795491891542,2.9419999999999975,9.31945125820716,339.71644144005836,19994.98244696667
80.0,953.0304067785098,0.95,215.68843131515632,4090613.0833098055,70234.45266234629,941.9747488542738,521300.1126147818,4742236.986942358,92.05655324812057,0.1008672437370398,1422.9699694920876,163.12172638939003,9.413985044355357,756.0000000000001,5.8851579029421375,927.2411911153096,0.9564834492073139,1.1244442172504511e-05,-0.0023342257188458024,0.004817204301075269,11.181711389430017,0.82423721619097,0.04552865886752408,1593.8795491891542,2.9419999999999975,9.413985044355357,993.0435156703106,60089.338355425214
90.0,939.4300569829232,0.95,220.06358360565676,5058850.668587047,91995.64781136662,929.9276529790264,670163.7083507576,5866975.349239521,120.5833625812771,0.10097968815876485,1422.946627234899,163.44716710725322,9.44392029327312,756.0000000000001,4.492886417067874,918.6398755097529,0.966604154705228,1.3911338725517625e-05,-0.0028878448693596855,0.004817204301075269,12.880901141841036,0.7784855392887168,0.03497639820996636,1593.8795491891542,2.9419999999999975,9.44392029327312,762.9920336449012,45965.32449034971
100.0,1000.5044465733595,0.95,180.10419395745592,1288631.144654497,18214.047167426714,969.261511998561,140886.66821517987,1680457.0241195494,23.875136697683452,0.10111880154602003,1422.9177487862055,163.85092178584713,9.481040857975291,756.0000000000001,22.691696333548403,908.9488396586696,0.8423588024925532,3.984575609173572e-06,-0.0008271552045829066,0.004817204301075269,15.10664180646397,1.1261732833865652,0.1753129128421492,1593.8795491891542,2.9419999999999975,9.481040857975291,3805.576420853519,232725.16408244582
110.0,950.110478900849,0.95,196.43586771292314,2564520.055777154,44571.58364824395,932.5239305249847,326034.55347992945,3030294.695417747,58.42557612275091,0.10115864730211177,1422.9094772341596,163.96679819898384,9.49169059283723,756.0000000000001,9.272777229060585,907.2005293236338,0.9322985379941959,7.1852110221597815e-06,-0.0014915728237965616,0.004817204301075269,15.547331645293495,0.8298613509591811,0.07177177856636122,1593.8795491891542,2.9419999999999975,9.49169059283723,1564.6393931835994,95168.5025124196
120.0,909.3571525139233,0.95,280.225181064121,16534486.407907574,342445.28327521606,905.2494634478849,2398135.936334593,19287469.97601636,448.896373602191,0.10123049941233336,1422.8945615059215,164.1760129608245,9.510914417297398,756.0000000000001,1.2068873435495853,903.1229493406628,0.9909174296879782,4.573302460345157e-05,-0.009493685910984366,0.004817204301075269,16.625757207881186,0.6874685621761227,0.00991381921717819,1593.8795491891542,2.9419999999999975,9.510914417297398,216.3053953753313,12402.348498981197
130.0,997.5403596205527,0.95,174.30157973870675,1056701.8956956454,15111.429500494594,956.5016639842065,114702.64771328704,1469821.548134251,19.8117992540839,0.10168782965836788,1422.7996246468117,165.5155177590632,9.633864469289378,756.0000000000001,27.34569157085081,878.5362823896382,0.8132364069269651,3.4851323220252907e-06,-0.0007234761293490001,0.004817204301075269,24.91153471101493,1.1870373055230434,0.21381819226672294,1593.8795491891542,2.9419999999999975,9.633864469289378,4629.817497970729,283305.5752248241
140.0,931.157490715199,0.95,189.3053739539032,2129140.5438029123,40103.464698505246,908.3986802272826,282332.902349918,2558394.5981175015,52.57812572854035,0.10172268098158814,1422.792389885518,165.61815729755753,9.643276077873432,756.0000000000001,10.304044588103478,877.6502396506954,0.9250582438885019,6.0662763569579985e-06,-0.00125929397588637,0.004817204301075269,25.277223030657193,0.7785492766237958,0.08050540614334084,1593.8795491891542,2.9419999999999975,9.643276077873432,1754.6451329213912,106817.68726616584
150.0,950.6990556587108,0.95,183.81248071316034,1571568.665157711,27240.98594930229,920.6391155554381,195598.87157436935,1951829.4818621026,35.71531186724567,0.10178334374515773,1422.7797969457592,165.79700381614543,9.65967230611682,756.0000000000001,15.16905001080622,875.3595381754409,0.891653193897732,4.628033942592718e-06,-0.0009607302604042919,0.004817204301075269,26.247715725491364,0.8744019220180552,0.11847958187653267,1593.8795491891542,2.9419999999999975,9.65967230611682,2579.0540659894054,157420.95918072015
160.0,927.1484944840515,0.95,189.0956599374368,2140314.2816022313,41014.33252469806,904.238891276566,286803.0633364318,2572772.4630777542,53.77416748217951,0.10182962408458365,1422.7701896431552,165.93361088864572,9.672193345708969,756.0000000000001,10.074862656782729,873.8513177642749,0.9266624033428728,6.100368088677606e-06,-0.0012663710541228066,0.004817204301075269,26.90695278996647,0.7655108665687467,0.07887683941830494,1593.8795491891542,2.9419999999999975,9.672193345708969,1719.2243230641461,104640.78561439275
170.0,930.5338533666984,0.95,187.51881416698737,1958702.4078520818,36990.19058173736,905.5442876042591,259220.84065914646,2371061.8298995513,48.499033331428194,0.10189062776547043,1422.757525932614,166.11389309440997,9.688713842949719,756.0000000000001,11.170683509576593,871.6488030108603,0.9190172675234546,5.6220867297753e-06,-0.0011670849684578188,0.004817204301075269,27.89952215201804,0.7822282086855884,0.08749998765363332,1593.8795491891542,2.9419999999999975,9.688713842949719,1906.7209738620616,116148.39080658548
180.0,904.6731710331924,0.95,194.6366534580014,3156916.5044923,66732.17360797434,888.3903797629064,454556.29183450236,3742650.2962035295,87.49627964139206,0.10194684863276819,1422.7458550829294,166.2802584398185,9.703955310614926,756.0000000000001,6.191890147629721,869.7285444114747,0.9542680334349004,8.874296021781459e-06,-0.0018422087723787403,0.004817204301075269,28.794722521039958,0.6844052608541379,0.048804641873517435,1593.8795491891542,2.9419999999999975,9.703955310614926,1064.4424372424294,64445.32626875235
190.0,962.7572426660251,0.95,179.3824361752399,1277317.4990960269,21050.30474327418,925.7204284725096,152384.08335364945,1655369.2270575166,27.60101290103225,0.102035591592986,1422.7274329952056,166.54328678486814,9.728045174536579,756.0000000000001,19.628531525577777,866.4105746215877,0.8620933682634018,3.925089277284991e-06,-0.0008148064794363932,0.004817204301075269,30.409738253163056,0.9596072801317371,0.1540551516187087,1593.8795491891542,2.9419999999999975,9.728045174536579,3348.03881972606,204617.33986456634
200.0,974.7650214580822,0.95,176.80528526611195,1147776.59209582,18000.263921923302,934.2055249882078,132054.22535917442,1537284.0365099208,23.602116685166454,0.10207484248575885,1422.7192849304113,166.65979036102885,9.738712460331561,756.0000000000001,22.954184961143014,865.4003939102093,0.8406888713365336,3.6450943929724417e-06,-0.000756682541398297,0.004817204301075269,30.919200715343127,1.042141860727456,0.1804347560650518,1593.8795491891542,2.9419999999999975,9.738712460331561,3915.56621688148,239452.9551330033
210.0,1025.151402960125,0.95,166.14813122885013,831411.9853639124,10658.115829941622,974.5448708416917,83111.69443776058,1329846.814004824,13.975185304972525,0.10211129342968857,1422.7117181049973,166.76807477799738,9.748625597052564,756.0000000000001,38.76638055547097,864.5496860864718,0.7459670586944658,3.1532345683145764e-06,-0.0006545777117260169,0.004817204301075269,31.354851121442408,1.5225365205540085,0.3076436021954341,1593.8795491891542,2.9419999999999975,9.748625597052564,6607.07158653353,404665.0183732095
220.0,877.350502933505,0.95,210.63242487871938,7936615.95974713,189650.795361799,869.9083065048949,1251802.2954167558,9400823.226464212,248.67732343060655,0.10214282577537172,1422.70517232788,166.8618187861454,9.757206362881593,756.0000000000001,2.1785957175020454,864.0515225006767,0.9836647082699191,2.2290537869569987e-05,-0.004627276834531269,0.004817204301075269,31.61280659359929,0.6048579297243747,0.017660986700930623,1593.8795491891542,2.9419999999999975,9.757206362881593,385.3238205221053,22754.175938525874
230.0,859.5336881884846,0.95,259.0251795987867,27737667.529667128,719447.664934216,856.3486607750168,4637447.192087347,33100583.986658815,943.4343018563219,0.10236573115406741,1422.6588995595348,167.52639396304923,9.81800455347103,756.0000000000001,0.5742502162575573,855.8082471091449,0.9956680783231006,7.848566057304844e-05,-0.016292782217173,0.004817204301075269,36.202919352778814,0.5613680226989328,0.005169316178556805,1593.8795491891542,2.9419999999999975,9.81800455347103,112.78845131690073,6021.5999701290375
240.0,841.6726195703137,0.95,205.75675636370804,10738773.517924584,302868.2937234714,835.5151063078547,1880497.0810831804,12936641.314718598,397.2603504949633,0.1031505877597979,1422.495971737363,169.8929808654662,10.034033181915571,756.0000000000001,1.3637589333815465,831.9300767917616,0.9897429485111917,3.0674408632533855e-05,-0.006367678577735822,0.004817204301075269,53.6169310795326,0.5210387127173717,0.01151795133268618,1593.8795491891542,2.9419999999999975,10.034033181915571,251.3038302235546,14502.42198736303
250.0,857.167154636003,0.95,190.59083841918692,3342892.4058271875,87637.43316266005,840.0354671240766,548726.2464497986,4029646.629644125,114.96182506017438,0.10345733184612323,1422.4322949515858,170.82930553344232,10.119294474454495,756.0000000000001,4.712584821806836,824.1364244324484,0.9650000351166319,9.554800535575137e-06,-0.001983474218322517,0.004817204301075269,60.94960531925635,0.5608374297427123,0.03832917570304747,1593.8795491891542,2.9419999999999975,10.119294474454495,836.0968875512057,50390.54420447914
260.0,829.4156763597822,0.95,207.5178732763897,14107287.358901111,421862.20907035226,824.3463298859606,2565716.4446638064,17105351.75063634,553.41113182946,0.10355287985147897,1422.4124602094025,171.12228462515904,10.145948326015795,756.0000000000001,0.9789599823820354,822.0556276928796,0.9926263820327038,4.0558946996951716e-05,-0.00841960283642078,0.004817204301075269,63.07158304021458,0.4945472546643733,0.0085261079289175,1593.8795491891542,2.9419999999999975,10.145948326015795,186.02830773064298,10485.738001066638
270.0,828.9479573764734,0.95,195.13544901026876,6609317.471425919,198064.79791742342,819.5123608527826,1193799.557515741,8023675.928366521,259.86086881213845,0.10395846932144849,1422.3282641810383,172.37298948123433,10.259597963922563,756.0000000000001,2.0848362215607423,812.9289884330259,0.9843621984174262,1.9025147886083586e-05,-0.003949416860280744,0.004817204301075269,73.28650518204482,0.49403323946135985,0.01750128907437314,1593.8795491891542,2.9419999999999975,10.259597963922563,381.83992751068615,22494.101507437328
280.0,843.2679117692289,0.95,189.30640057648623,3233210.9613289773,90470.0991444406,825.0728903550117,551086.1042699543,3924178.888137131,118.70392497459227,0.10414872080030933,1422.2887700124354,172.96361666282425,10.313191539019574,756.0000000000001,4.5640222257330745,809.0744063285802,0.9660844675865439,9.304723214744172e-06,-0.001931560845917875,0.004817204301075269,78.08304502367989,0.5289411978674976,0.037611147248777003,1593.8795491891542,2.9419999999999975,10.313191539019574,820.4415666828247,49411.72339375895
290.0,843.5900388737525,0.95,188.8345466264275,3067872.8451773603,85710.09637971054,824.4070183138334,521453.15704305354,3727277.783705714,112.46177128272019,0.10424176803245677,1422.2694544039762,173.25340290818602,10.339468857944874,756.0000000000001,4.8173467809237085,807.391791706554,0.9642360572675981,8.83784585526643e-06,-0.0018346421083477184,0.004817204301075269,80.274094826991,0.530286435287758,0.039727533499745324,1593.8795491891542,2.9419999999999975,10.339468857944874,866.5843233456792,52241.68510558994
300.0,848.7718413563568,0.95,187.6342633883924,2627117.6437129956,71618.2646829635,826.45531853335,437411.9268898904,3198766.5164819886,93.97427949202081,0.10433014649100944,1422.2511079828928,173.52921347926826,10.364467889313028,756.0000000000001,5.765059916333713,805.839500041181,0.957352273896055,7.584678964160467e-06,-0.0015744980885422396,0.004817204301075269,82.34992628666485,0.5446245491159349,0.04748464936023413,1593.8795491891542,2.9419999999999975,10.364467889313028,1035.674985974122,62618.68119613923
310.0,810.5610627129641,0.95,204.87052205935464,17192822.920551013,563510.2634881766,806.0917154519932,3310330.055315858,21074632.323979244,739.430867007339,0.10440599328065105,1422.2353630020073,173.7663551101808,10.3859534313436,756.0000000000001,0.7326815474426406,804.5721078019416,0.9944762398782392,4.997061199730788e-05,-0.010373363651226857,0.004817204301075269,84.08451363616798,0.45602232792996805,0.0066629689524135526,1593.8795491891542,2.9419999999999975,10.3859534313436,145.37778494361598,7969.084624195045
320.0,799.4843474397784,0.95,208.34697154185878,25161272.430249333,871206.1176537984,795.9933616619421,5017928.821457103,31055607.720168866,1143.3681078674988,0.10490569940062412,1422.131629365495,175.33894645261066,10.528231083426522,756.0000000000001,0.47383458410104107,795.4265729022684,0.9964242189305431,7.363676385278635e-05,-0.01528620321051145,0.004817204301075269,97.73300803991557,0.4345879044442015,0.004604004033835842,1593.8795491891542,2.9419999999999975,10.528231083426522,100.45409200448272,5200.350808632789
330.0,792.7071039724676,0.95,194.9052201468433,11233607.136764135,402340.82526582404,786.4348724397192,2273867.032007772,13921223.77945568,528.1552079562061,0.10564206703915198,1421.97876733339,177.6890458562504,10.740188257757419,756.0000000000001,1.025772999498119,783.5389003544267,0.992275147349734,3.300897787048675e-05,-0.0068523101382930085,0.004817204301075269,118.83741944325794,0.4217348834428914,0.009256179155026727,1593.8795491891542,2.9419999999999975,10.740188257757419,201.95705154832726,11408.785417948131
340.0,838.08750802255,0.95,184.69167095811386,1966847.644591381,56375.86955563815,806.8773991644925,331852.4410395309,2436977.635596196,74.01275770291133,0.10597215681785685,1421.910244232007,178.75536107770282,10.836093785719365,756.0000000000001,7.319918466495403,778.7451559399015,0.946164737844263,5.77838142096235e-06,-0.0011995300717622735,0.004817204301075269,128.58616502819018,0.5268277394045532,0.061936499165522775,1593.8795491891542,2.9419999999999975,10.836093785719365,1350.5243580229608,81901.68040964603
350.0,841.9363731651442,0.95,184.1710022574125,1847471.5744680294,51991.53613797799,808.6720208815261,307119.1763505455,2295482.0622603926,68.25807117467845,0.10602994063206647,1421.8982489312893,178.94285087424777,10.852939475253393,756.0000000000001,7.937044550810114,778.1025940350219,0.9417607130377542,5.442877565625574e-06,-0.0011298830660785232,0.004817204301075269,129.9523004634101,0.53807593396027,0.06717370865198216,1593.8795491891542,2.9419999999999975,10.852939475253393,1464.5565205761416,88899.77530383973
360.0,855.179635873092,0.95,182.61127140472274,1566662.8299406227,41420.04310386787,815.9027174006616,248108.40304732524,1967888.957033591,54.3800337814408,0.10608436940772273,1421.8869501006286,179.11968071119267,10.868822612797045,756.0000000000001,9.96261521357658,777.5159526133066,0.9274490941552146,4.666112984273637e-06,-0.0009686350614675184,0.004817204301075269,131.21221527628327,0.579008303986799,0.08424599579621508,1593.8795491891542,2.9419999999999975,10.868822612797045,1835.983998028864,111697.68094177527
370.0,871.8786269002908,0.95,180.6427170075696,1331335.8136051667,32577.774541706844,825.6483217593282,198783.69962553857,1704830.1915866279,42.77173077015821,0.10613103053756547,1421.877263750014,179.27144963115936,10.882451041676148,756.0000000000001,12.666481858708908,777.0526029506607,0.9086833431627942,4.042367464135472e-06,-0.000839152174474551,0.004817204301075269,132.21596778359404,0.637746347680682,0.10707629867570252,1593.8795491891542,2.9419999999999975,10.882451041676148,2331.8285524818243,142132.90381421562
380.0,855.2496690677924,0.95,182.49347308090827,1551736.1804202008,41010.82765268191,815.5273333483199,245487.61592603583,1951222.178765283,53.844278621311915,0.10617145421220682,1421.8688722282693,179.40306140528477,10.894266646588203,756.0000000000001,10.061744083824635,776.6906275789872,0.9267543109522249,4.626593950333332e-06,-0.0009604313334397319,0.004817204301075269,133.00545298647415,0.5798168572294217,0.08521430446522155,1593.8795491891542,2.9419999999999975,10.894266646588203,1857.0356636060858,112987.55476636435
390.0,883.3118671461699,0.95,179.18929676582948,1208964.4183446495,28080.390024535925,832.4013404932845,173519.1969080323,1575716.2324495798,36.868086208228924,0.10621772015171016,1421.859267914935,179.55384352656108,10.907800128863451,756.0000000000001,14.694751140754043,776.2379884835343,0.8948561332286181,3.7362219781175472e-06,-0.0007755996517074372,0.004817204301075269,133.9993164674661,0.6838346320017781,0.12438141274215149,1593.8795491891542,2.9419999999999975,10.907800128863451,2706.8772951690066,165152.2271723622
400.0,851.2886321878725,0.95,182.8329270967932,1605998.3355431226,43239.278585330714,812.851239997448,257507.89275557938,2014069.9483239288,56.77159430554305,0.10625508237149134,1421.8515119184178,179.67572439793028,10.918737101667995,756.0000000000001,9.542930025005367,775.929991067306,0.9303963963711311,4.775613940776435e-06,-0.0009913662868129653,0.004817204301075269,134.6798315646062,0.5676323462523317,0.08097297984995012,1593.8795491891542,2.9419999999999975,10.918737101667995,1764.8138570349977,107324.44143989588
410.0,837.2839167025354,0.95,184.3123612096374,1897592.7075826197,54594.143181235406,804.7387372922544,320060.45535156206,2357322.1461518337,71.68121245860077,0.1063028385108991,1421.8415982555498,179.83166313082305,10.93272702948344,756.0000000000001,7.558010436537834,775.4587491122421,0.9444631965181203,5.589508206222995e-06,-0.0011603220160239698,0.004817204301075269,135.7277277530721,0.526183554411227,0.06431712826524304,1593.8795491891542,2.9419999999999975,10.93272702948344,1402.3636666414086,85074.84003641659
420.0,792.1390203051692,0.95,190.30840964444474,6071358.576002289,218025.1203024587,781.4481939788759,1220012.8659382232,7530720.822034038,286.26851909908476,0.10635873359296133,1421.8299950353896,180.0143941516792,10.949115995426762,756.0000000000001,1.892514599826714,774.8689175111931,0.9857944542361954,1.7856289138184867e-05,-0.003706774307703555,0.004817204301075269,137.0508272756206,0.4209074697354923,0.016675050206479025,1593.8795491891542,2.9419999999999975,10.949115995426762,363.81491109880216,21324.25979106809
430.0,822.4503478624223,0.95,185.54291274712403,2283978.2059495784,70575.61356862354,795.2665487081189,406122.24021997093,2826762.269426236,92.67157343442253,0.10653729648434318,1421.7929272923127,180.599713822323,11.001579165832798,756.0000000000001,5.846100716625503,772.5687957348521,0.9567659140025511,6.702609962661336e-06,-0.0013913900145703219,0.004817204301075269,142.3348023640641,0.48805236967710763,0.05012062012952116,1593.8795491891542,2.9419999999999975,11.001579165832798,1093.1205570426182,66086.20968806295
440.0,784.0852492166857,0.95,191.54653154944808,8435995.083587319,315555.19090602477,776.0465967309286,1746370.413508192,10512718.938098742,414.35875462720315,0.10660432258396979,1421.779013392167,180.82003913094047,11.021314000022148,756.0000000000001,1.3074837826299006,771.8424585018242,0.9901641144735563,2.492698287764444e-05,-0.005174574570582439,0.004817204301075269,144.04534422516502,0.40594033998273726,0.011806628790966042,1593.8795491891542,2.9419999999999975,11.021314000022148,257.60203544918824,14798.250097205178
450.0,788.0741785726606,0.95,189.34928085486825,5426509.709751176,198888.5079971309,776.1528317131408,1101034.4469817958,6750016.369138446,261.1833742866678,0.10685359241274624,1421.727267646461,181.64239860701346,11.094909419751522,756.0000000000001,2.074279625743564,768.6969248890039,0.9844407613971864,1.6005140387379524e-05,-0.003322495660772981,0.004817204301075269,151.6936226457859,0.4135071033457676,0.01837238290404351,1593.8795491891542,2.9419999999999975,11.094909419751522,400.84320580537474,23583.70440834324
460.0,790.3198347308477,0.95,188.50451852817213,4516035.318469497,163636.82796174922,776.1562580074431,905936.1671928138,5614354.812202883,214.9013477359987,0.10701364381662003,1421.6940426898534,182.1728991251899,11.14233139527572,756.0000000000001,2.521004905615292,766.7946806367291,0.9811216734510028,1.3312343561818093e-05,-0.002763499891180988,0.004817204301075269,156.51457343558855,0.4180078069400758,0.022231305880202973,1593.8795491891542,2.9419999999999975,11.14233139527572,485.02337714237734,28746.498578822593
470.0,790.1068657874564,0.95,188.2143390822345,4290089.796951699,155610.8169397124,775.2153257174052,859860.4453792353,5335862.40331062,204.36963798148597,0.1071467672522382,1421.6664076909417,182.61562962525878,11.181874910258818,756.0000000000001,2.650918978066936,765.2729499905863,0.9801585374686191,1.2652002925976186e-05,-0.0026264202502584494,0.004817204301075269,160.48124560577193,0.4177456371473661,0.02339526595835799,1593.8795491891542,2.9419999999999975,11.181874910258818,510.4131320490216,30301.344039974112
480.0,789.389201250011,0.95,188.03090502290394,4178348.6793637206,152103.46538143762,774.0950060780209,838560.5192922875,5200083.108940878,199.7713895461858,0.10727328728149797,1421.6401434884392,183.0376534345853,11.21954125815174,756.0000000000001,2.711936644664213,763.8602932850313,0.9797065009168108,1.2330053089228689e-05,-0.0025595869136122054,0.004817204301075269,164.2535223455507,0.41648625277367474,0.023972271809067316,1593.8795491891542,2.9419999999999975,11.21954125815174,522.999252052716,31070.444903432628
490.0,788.7026550055061,0.95,187.86121105120188,4077217.2117280476,148933.58716684167,773.0228986782099,819286.6877210676,5077239.480252617,195.61581957608462,0.10739658781239025,1421.614547619303,183.45011859427868,11.256328287074389,756.0000000000001,2.7695477443483063,762.510434699128,0.9792798925412679,1.2038775347764236e-05,-0.002499120775317129,0.004817204301075269,167.9409241215749,0.41528605836801274,0.02452117785881953,1593.8795491891542,2.9419999999999975,11.256328287074389,534.9722748389263,31801.993636659496
500.0,786.3258144623604,0.95,187.93007319871828,4238092.082973212,156684.3171973312,771.1872180144513,858659.5454957066,5283730.1632215725,205.80389535436004,0.1075169755658679,1421.58955641155,183.853968048552,11.292321747574722,756.0000000000001,2.6324445945639527,761.2170741225647,0.9802954421837315,1.2528390807767311e-05,-0.002600759698933839,0.004817204301075269,171.55162194052625,0.41078134867308946,0.023397534886385584,1593.8795491891542,2.9419999999999975,11.292321747574722,510.4626240845207,30294.21755532305
510.0,776.4443011939625,0.95,189.22218752253218,6272864.953695377,243934.128665848,765.8930414608062,1322053.0820700119,7858354.638486707,320.4188421179122,0.10764225947394557,1421.5635488145606,184.27542965987087,11.329858309184011,756.0000000000001,1.6908099045761589,759.8854131652483,0.9872988265809607,1.863315025098943e-05,-0.0038680423512098593,0.004817204301075269,175.3503723570213,0.392407459124741,0.015340745993329359,1593.8795491891542,2.9419999999999975,11.329858309184011,334.70555161435743,19502.474055469873
520.0,770.7405096346273,0.95,189.91293833615012,7977534.780694716,319490.4715942638,762.1955570486008,1718106.285502017,10030071.810471073,419.69065468563304,0.10782859097645546,1421.5248683910486,184.90450814309506,11.385835140136312,756.0000000000001,1.290873041410937,757.8684977296014,0.990288464321762,2.3782565647700405e-05,-0.0049370058152592355,0.004817204301075269,181.26469777759942,0.38238286273243033,0.011937703017790817,1593.8795491891542,2.9419999999999975,11.385835140136312,260.46173342718396,14940.272680075732
530.0,773.4918092674942,0.95,188.58439464329635,5728698.704512188,226163.22160276314,761.9817565452895,1215763.674479785,7191821.5252132015,297.11627432181257,0.10806641663293247,1421.475498332896,185.71136575309106,11.457542016459353,756.0000000000001,1.8234186367017762,755.3240325155393,0.9863095337488375,1.7052716150184248e-05,-0.003539961165105212,0.004817204301075269,189.01139298247404,0.3872898696992026,0.016614138215584422,1593.8795491891542,2.9419999999999975,11.457542016459353,362.48606066058176,21195.924618465266
540.0,767.8154244685734,0.95,189.20305309140613,7225734.668636752,293778.38842556474,758.4601495724639,1567459.1942382294,9103339.96355974,385.96508247903733,0.10823694379443431,1421.440098721245,186.29263056676922,11.509137753278328,756.0000000000001,1.4036693381329775,753.5849816880441,0.9894443656829968,2.1585167522995626e-05,-0.004480849508121859,0.004817204301075269,194.4955971025373,0.3773778638003332,0.013012127705318524,1593.8795491891542,2.9419999999999975,11.509137753278328,283.9027064488228,16367.712259194795
550.0,764.9276717498418,0.95,189.17568566122506,7574713.094248544,312622.2209654522,755.9365583996254,1659069.0934098011,9561845.480759338,410.750438057162,0.10845279546966427,1421.3952902261638,187.03167534376536,11.574663142743626,756.0000000000001,1.3189696264922681,751.3977103698445,0.9900781393059982,2.2672341948930278e-05,-0.004706535270648473,0.004817204301075269,201.61978207141394,0.3724666240799941,0.01232464251295796,1593.8795491891542,2.9419999999999975,11.574663142743626,268.9037183452384,15441.072135538838
560.0,761.7483634484759,0.95,189.20027245835988,8103901.538621795,340056.9445081913,753.2574239346017,1794346.5096199252,10252558.511805892,446.82902091667114,0.10867951888915357,1421.3482248734572,187.8119188440321,11.643749116498283,756.0000000000001,1.212471273137884,749.1532911920376,0.990875599479452,2.4310109685292607e-05,-0.005046518305205831,0.004817204301075269,209.201457797029,0.367125508465593,0.011442553109000024,1593.8795491891542,2.9419999999999975,11.643749116498283,249.65882998310195,14253.519055979277
570.0,764.5230416335185,0.95,188.05536601476015,5836625.720566896,241362.2399187385,753.1143997111169,1273276.6809602573,7371434.894895499,317.1705568010867,0.1089226199860065,1421.2977596904052,188.65307867461723,11.718122410837076,756.0000000000001,1.7081262439046618,746.8022908205168,0.9871695862453322,1.7478602109566356e-05,-0.003628370527209087,0.004817204301075269,217.44907588213212,0.3718628952081621,0.01586609009817965,1593.8795491891542,2.9419999999999975,11.718122410837076,346.16660298710525,20170.25344960689
580.0,759.4553077548295,0.95,188.51512536182594,7170106.744810892,304482.4184862746,749.9677831780788,1595360.2742104214,9085988.940307958,400.13825174090834,0.10909740600710216,1421.261475985133,189.26079018108211,11.771785811428774,756.0000000000001,1.3539504146596504,745.186991107194,0.9898163430488857,2.1544026057875756e-05,-0.004472308980764387,0.004817204301075269,223.30344410326586,0.3633170759395212,0.012785060369634062,1593.8795491891542,2.9419999999999975,11.771785811428774,278.94875203506757,16039.502800369839
590.0,755.6875606919731,0.95,188.7146408263223,8145177.528180968,352814.94823409966,747.1951729761298,1837509.3640050371,10349398.147449972,463.6868681843519,0.10931284626768092,1421.2167528953255,190.01324492325375,11.838150209890593,756.0000000000001,1.1683905433577977,743.2085230257418,0.991205864114563,2.4539728678608325e-05,-0.005094184748014674,0.004817204301075269,230.68923895345154,0.3571198371418723,0.011189131301610448,1593.8795491891542,2.9419999999999975,11.838150209890593,244.129791049023,13896.307029867137
600.0,753.3668476392209,0.95,188.55092827770542,8200095.961955877,359562.41784657625,744.9103158691754,1863373.9968445853,10436728.666575488,472.5918752202935,0.10955824355446701,1421.1658110478454,190.87492028708425,11.914037934466268,756.0000000000001,1.1463746633673115,740.9935805363683,0.9913708542009491,2.4746800356996715e-05,-0.0051371706098229785,0.004817204301075269,239.24802099499507,0.35334733370977583,0.011044967105395716,1593.8795491891542,2.9419999999999975,11.914037934466268,240.9844767573595,13696.289928450122
610.0,750.345043721555,0.95,188.54821042528678,8765779.098893644,390565.0665252888,742.3521198682407,2012738.1730567706,11181748.158445617,513.3809921891304,0.10980571155803698,1421.1144393417471,191.74885207563796,11.990885131016553,756.0000000000001,1.0552929697603657,738.8161827045295,0.9920537250458853,2.651333556322727e-05,-0.005503884391473517,0.004817204301075269,247.97117261335555,0.3484926302817487,0.010280687425947399,1593.8795491891542,2.9419999999999975,11.990885131016553,224.30965945489,12665.819969914442
620.0,757.7235483637706,0.95,186.93425930560844,4898599.630042309,209864.44329490326,744.1728154537956,1085991.3264880178,6218140.710101137,275.88122372209193,0.11007084491366925,1421.0594004978325,192.69076414693154,12.073574299750383,756.0000000000001,1.9637702941739088,736.5360025776291,0.9852635566239598,1.474399609883483e-05,-0.0030606956187313374,0.004817204301075269,257.4472141359962,0.3606301881343699,0.018515499902707042,1593.8795491891542,2.9419999999999975,12.073574299750383,403.96533462208004,23685.310275906868
630.0,747.1105221929358,0.95,188.20097121707116,8574561.53697506,388653.0219308715,738.9445564574626,1987953.893913134,10963992.348897811,510.93522548673815,0.1102182848746576,1421.0287935416452,193.21707899199592,12.11971726566995,756.0000000000001,1.0603444915149085,735.3451079749148,0.9920158397291391,2.5997009066907237e-05,-0.005396700542907082,0.004817204301075269,262.5394594101344,0.34334170158162247,0.010407572862567386,1593.8795491891542,2.9419999999999975,12.11971726566995,227.07801593967645,12823.896078746251
640.0,754.1868322754414,0.95,186.7459721478202,4931537.023219741,215238.46075570968,740.6815972880606,1105323.1249293757,6275364.3432208365,282.9826775038001,0.11047825496532666,1420.9748265362161,194.1495072943105,12.201356389116949,756.0000000000001,1.9144894544243443,733.1993301850948,0.9856306979041335,1.4879680552245064e-05,-0.003088862257497301,0.004817204301075269,271.970356708156,0.3548156530888774,0.018210939948234032,1593.8795491891542,2.9419999999999975,12.201356389116949,397.32128234989887,23265.734316010457
650.0,740.9730930739236,0.95,188.57345342207358,11174143.985408595,523404.15544942755,734.4380941480363,2650487.496194884,14357629.126953896,688.1733464790834,0.11062705177084911,1420.943937913641,194.6857424453078,12.2482436846569,756.0000000000001,0.7872541920399079,732.0426844219968,0.9940660342432629,3.404375000592139e-05,-0.00706711774676493,0.004817204301075269,277.19368137933145,0.3338170843068191,0.008003730883795596,1593.8795491891542,2.9419999999999975,12.2482436846569,174.63098837426267,9593.489900989385
660.0,743.4799398218942,0.95,187.31592089376332,7143572.259513609,330083.40735084435,733.8467889983882,1669465.1012918851,9158427.6436677,434.04200149754206,0.11096748927090833,1420.8732667361735,195.91964473156747,12.355958386018788,756.0000000000001,1.2481910736669994,729.3184265242633,0.9906080578813257,2.1715787362345063e-05,-0.004507964787272524,0.004817204301075269,289.8960589609463,0.3376080844727231,0.01227804222192971,1593.8795491891542,2.9419999999999975,12.355958386018788,267.88702673448813,15306.875511361397
670.0,734.7201230558499,0.95,188.73380231861086,14008875.107382253,678688.6240088628,729.2674531656637,3397175.8545192904,18092213.73973506,892.5013056960167,0.11118464714453177,1420.8281870883009,196.7118708761804,12.424987478794257,756.0000000000001,0.6070213549360507,727.660917731296,0.9954214323019704,4.289892127474886e-05,-0.00890535642533849,0.004817204301075269,297.90765286749576,0.3243444914098461,0.006432585491150301,1593.8795491891542,2.9419999999999975,12.424987478794257,140.35117183813088,7474.153824654216
680.0,740.9611044799672,0.95,186.65139014123375,6126031.5255212085,286875.1372438811,729.8477837436695,1438061.9931062367,7868790.291112516,377.30357411305255,0.11161363635727926,1420.7391335240475,198.28878277139268,12.562087259547148,756.0000000000001,1.4358924458623314,724.3883653360788,0.9892033597682655,1.865789449991802e-05,-0.0038731789921704813,0.004817204301075269,314.38153787777435,0.33368810737981636,0.014170153664016763,1593.8795491891542,2.9419999999999975,12.562087259547148,309.16726006254316,17821.635241189906
690.0,742.5604365039973,0.95,186.24709903236834,5245860.846470623,243533.6020585244,729.7126882301404,1220492.7187761336,6730952.386369064,320.3191301942953,0.11180021530227845,1420.7004017341258,198.97959075679762,12.622020733542579,756.0000000000001,1.6913362356384138,723.0561731386415,0.987294898064713,1.5959937279137953e-05,-0.003313111979821048,0.004817204301075269,321.3458477944509,0.33621518065194383,0.01659651039013928,1593.8795491891542,2.9419999999999975,12.622020733542579,362.10149337717115,21065.219063783148
700.0,729.7677254950372,0.95,187.9075486616034,12617559.726340527,627890.4683035583,723.8256133790035,3104460.0635104533,16358104.557523275,825.9049996415642,0.11195981467506982,1420.6672706143277,199.5729139269313,12.673434799188055,756.0000000000001,0.6559681223638468,721.9476502226678,0.9950531571242703,3.878712963002933e-05,-0.008051792534805195,0.004817204301075269,327.25833272162765,0.31690315384316414,0.006987600193284498,1593.8795491891542,2.9419999999999975,12.673434799188055,152.4607266155928,8194.299368737655
710.0,736.2728059426842,0.95,186.22733612027668,5925167.074201243,284536.9576809722,724.7718435215702,1410093.8304441632,7638009.529703513,374.31643484710065,0.11234768597137011,1420.5867526889797,201.02417219294577,12.798951660529335,756.0000000000001,1.4473512286124692,719.1793411961818,0.9891176703779379,1.8110684199518572e-05,-0.0037595839967750604,0.004817204301075269,342.50297595819836,0.32648631100824965,0.014477680678218162,1593.8795491891542,2.9419999999999975,12.798951660529335,315.8764824366375,18211.667377134614
720.0,732.6400602396687,0.95,186.4023340360018,6844571.76311309,335236.68519596674,722.5550784656349,1652912.4362915223,8848229.853754332,441.0389743806629,0.1125287928133653,1420.549156849012,201.70635374545571,12.857833919195485,756.0000000000001,1.2283888348565504,717.9650299428442,0.9907563678878306,2.098026926817902e-05,-0.004355279111474662,0.004817204301075269,349.4121489373008,0.3209985739931659,0.012463396188491507,1593.8795491891542,2.9419999999999975,12.857833919195485,271.93094270847644,15508.96915375181
730.0,725.5849858681564,0.95,187.1224353373519,10930636.740288164,556456.2157765263,718.8815202558571,2720364.8468944994,14216837.316062167,732.1256915601884,0.11273859550604709,1420.5056040578972,202.50027562090864,12.92626543006464,756.0000000000001,0.7399922692389923,716.5647085005655,0.9944212776333402,3.370991486012556e-05,-0.00699781714730285,0.004817204301075269,357.5528937212338,0.31069983543313007,0.007890284482415964,1593.8795491891542,2.9419999999999975,12.92626543006464,172.1557873207088,9379.513102978583
740.0,735.3126702765557,0.95,185.52603735091193,4860964.782219576,234598.9231580513,721.4186132038199,1153850.5493664148,6271800.597672718,308.69359088634593,0.11307569465464834,1420.4356258864243,203.78416863203984,13.036711716499395,756.0000000000001,1.7550327180756307,714.3090974722187,0.9868195851925231,1.4871230461951459e-05,-0.0030871081092890304,0.004817204301075269,371.066548411551,0.3250785441623309,0.01761159388309918,1593.8795491891542,2.9419999999999975,13.036711716499395,384.24628963077134,22386.342928676124
750.0,734.7439049331467,0.95,185.43108684144605,4781234.2983566625,231455.27445371976,720.6203605786384,1136321.182658761,6171763.4949535355,304.5715923021479,0.11322440695926786,1420.4047548053313,204.35382215775806,13.085629505889083,756.0000000000001,1.77878490824034,713.3825619639997,0.9866424013052196,1.4634029870811029e-05,-0.0030378678080031822,0.004817204301075269,376.764447884881,0.3242228046063134,0.01788857763539068,1593.8795491891542,2.9419999999999975,13.085629505889083,390.2888270014178,22752.739484392325
760.0,732.9587344207832,0.95,185.44235069202838,4970895.5590656,242978.12724031752,719.3399616156775,1189374.9671539613,6424981.021856633,319.74950153571274,0.11337074725797597,1420.3743761272513,204.9163499535356,13.133883216615283,756.0000000000001,1.694349324279652,712.4820306013041,0.9872724087796108,1.5234440572799655e-05,-0.0031625066367642137,0.004817204301075269,382.38626306538674,0.3215034589818816,0.017129883009548746,1593.8795491891542,2.9419999999999975,13.133883216615283,373.7374590426921,21732.36839675469
770.0,723.4644917534861,0.95,186.23242059476914,8315343.24083419,428194.1383165357,714.962856184666,2074579.8162952005,10830483.958390964,563.5139021998531,0.11352309166370396,1420.3427510608835,205.50403227639413,13.184239266573192,756.0000000000001,0.9614090260255014,711.550757858909,0.9927580976307269,2.5680443829713905e-05,-0.005330984991436145,0.004817204301075269,388.2882337255701,0.3075154253023914,0.010139141223610657,1593.8795491891542,2.9419999999999975,13.184239266573192,221.2214335873385,12366.762945036882
780.0,727.2714012408927,0.95,185.53654372795583,5805943.180599164,292738.8655677826,715.4837363063441,1420173.9854659261,7537031.233413782,385.28320432596917,0.1137798961020011,1420.2894412109692,206.49949563532917,13.269407038630668,756.0000000000001,1.4061535664747735,709.9434579536448,0.9894257833341296,1.7871251919682217e-05,-0.003709880420826888,0.004817204301075269,398.6896338885583,0.31299969509643977,0.014482742133048947,1593.8795491891542,2.9419999999999975,13.269407038630668,315.9869063932902,18175.201780908752
790.0,716.5209515374681,0.95,186.68588912886392,12743741.145944167,681946.1972301535,710.601577077343,3270291.824904405,16703807.092884071,897.5831710393626,0.11395860862119792,1420.252342406761,207.19583614165214,13.328886306391576,756.0000000000001,0.6035845694816752,708.8684794374001,0.995447295775203,3.960683395489881e-05,-0.008221954370101762,0.004817204301075269,405.80123267720984,0.297758687326551,0.006758612995422841,1593.8795491891542,2.9419999999999975,13.328886306391576,147.46458873908918,7827.924805347364
800.0,726.4284693166167,0.95,185.0581223052849,5058694.524881408,256200.865402009,712.9826096859728,1235783.054425175,6571668.121602814,337.25652889009524,0.1143546769607469,1420.17012286306,208.74966928281955,13.461322374315875,756.0000000000001,1.6063954451785898,706.4354767652665,0.9879290954330762,1.558225419221386e-05,-0.003234709017580109,0.004817204301075269,422.36891930410195,0.3117733099391279,0.016597732120615678,1593.8795491891542,2.9419999999999975,13.461322374315875,362.1281465588596,20989.676894221313
810.0,719.6168740135925,0.95,185.51033298207247,7051443.795632485,370821.1913057963,709.7351592185105,1774906.6902292354,9211715.493873296,488.16431697648073,0.11451049950266903,1420.1377757728842,209.36500913400934,13.513659026922596,756.0000000000001,1.1098053115010704,705.5458927490209,0.9916449707402767,2.1842139577931036e-05,-0.004534194153454433,0.004817204301075269,428.59403655652807,0.30192436529284983,0.011787604702119302,1593.8795491891542,2.9419999999999975,13.513659026922596,257.1869790488087,14543.816705777728
820.0,720.4752206545892,0.95,185.21355161934568,6160885.700342355,322424.7482789693,709.284637575864,1541699.9574269573,8041805.313867704,424.482990901858,0.11472892089844834,1420.0924338313496,210.23140567868074,13.587243066740582,756.0000000000001,1.2762993181770363,704.2808835003912,0.990397577688968,1.9068134946294283e-05,-0.00395834051340484,0.004817204301075269,437.6046259782659,0.30312163790226826,0.013473767292471024,1593.8795491891542,2.9419999999999975,13.587243066740582,293.9743054925318,16794.90781942245
830.0,719.801701681485,0.95,185.0945653125279,6012347.015607298,315811.10851899686,708.348669616043,1506772.0413786618,7852137.726449533,415.80135338038826,0.11491960224791128,1420.0528504262156,210.99146708269086,13.651693999637828,756.0000000000001,1.3029475432470863,703.2018904191809,0.9901980717139909,1.8618409168229114e-05,-0.00386498226036899,0.004817204301075269,445.4397786400124,0.3021521484504807,0.01378635576150321,1593.8795491891542,2.9419999999999975,13.651693999637828,300.7940182121807,17207.56094457623
840.0,712.662839592104,0.95,185.620640518953,9315633.406794693,509195.814330401,704.9371598575731,2409615.62941347,12245154.313777175,670.454437628964,0.11510578633959358,1420.014200603612,211.7369490725677,13.714816033255582,756.0000000000001,0.8080599090099688,702.1632109023865,0.9939096886798988,2.9034805715907425e-05,-0.006027314579418282,0.004817204301075269,453.1146847034437,0.29222587623715174,0.008937656566537763,1593.8795491891542,2.9419999999999975,13.714816033255582,195.00751671982286,10709.463238609833
850.0,717.3523527093081,0.95,184.86875407053134,5921270.028371793,315248.61087871884,705.7199020342293,1494793.9718419025,7748704.64719847,415.12424095553746,0.11539613439675266,1419.9539274578178,212.906146655812,13.813630422342456,756.0000000000001,1.3050727912654403,700.5248997039142,0.9901821624531352,1.8373156288298172e-05,-0.003814070390204754,0.004817204301075269,465.49000476139827,0.2986583694136431,0.013935232346698325,1593.8795491891542,2.9419999999999975,13.813630422342456,304.0420341349284,17392.036106055384
860.0,707.0782470136802,0.95,185.81420479142244,12808198.09980764,722372.0642708129,701.170301848558,3387653.1634111465,16925839.41987701,951.2867893057316,0.11557986595963564,1419.9157867539159,213.65022093812183,13.87639804933012,756.0000000000001,0.5695100131277795,699.5322018605,0.9957037596596284,4.013330061360295e-05,-0.00833124320773454,0.004817204301075269,473.152412610928,0.2846835857164573,0.006637661678259635,1593.8795491891542,2.9419999999999975,13.87639804933012,144.82561948248284,7616.0923874112195
870.0,710.2507903813677,0.95,184.9505263605721,7587154.015017498,420260.7809630435,700.9696618430816,1970149.553807285,9990753.984046549,553.5098237174948,0.11598119896577166,1419.8324743218386,215.28697875006836,14.014147433917474,756.0000000000001,0.978785431895609,697.3166936290655,0.9926276919050068,2.3689338120945315e-05,-0.004917652779571237,0.004817204301075269,490.71136639486497,0.2887996139859165,0.010810569386852877,1593.8795491891542,2.9419999999999975,14.014147433917474,235.87047445584324,13189.63425872012
880.0,713.045727817809,0.95,184.50683497577597,5846749.716968205,318785.68673043756,701.2500500504074,1495583.4814461442,7678584.314852499,419.8926865804078,0.11621809234698112,1419.783297794043,216.26052979915139,14.095871301968021,756.0000000000001,1.2902519362219091,696.0637936388653,0.990293114286856,1.820689213398617e-05,-0.003779555733171236,0.004817204301075269,500.92811020217016,0.2925947461669683,0.014009408839908083,1593.8795491891542,2.9419999999999975,14.095871301968021,305.66032795146737,17465.429707712843
890.0,701.6803089259697,0.95,185.56983775020132,14645736.516880421,851495.8070707943,696.3752921479966,3947306.6136776884,19451100.054520898,1121.624263853857,0.11640016126832098,1419.7455022367112,217.01254884515083,14.158891554488786,756.0000000000001,0.4830203565713701,695.1302725049436,0.9963550252113682,4.61210121630132e-05,-0.009574227971339793,0.004817204301075269,508.6785345334692,0.27747282051672795,0.005868320543980534,1593.8795491891542,2.9419999999999975,14.158891554488786,128.03974684814315,6561.116891995119
900.0,701.5312716513522,0.95,184.98487980911466,10923293.469919816,635520.5585271368,694.7754473909929,2934848.7276288583,14502530.057615409,837.2570197824892,0.1168613713899511,1419.6497599569977,218.93235650518562,14.319349902253954,756.0000000000001,0.6470741230769687,692.7047126871236,0.9951200653893035,3.438732839309431e-05,-0.007138440938745024,0.004817204301075269,529.3815957273765,0.27714602463451016,0.007602828754612499,1593.8795491891542,2.9419999999999975,14.319349902253954,165.88399880433084,8867.301539597463
910.0,709.3703775689546,0.95,183.99372903255343,5390815.010137211,299970.41211997776,696.609213223388,1391748.9671654978,7101442.686592085,395.23515705943277,0.11720524467388205,1419.5783755476102,220.37770968910468,14.439750877540618,756.0000000000001,1.3707468634535545,690.9551637141165,0.989690663008171,1.683841652169847e-05,-0.0034954748582990123,0.004817204301075269,544.8357757716162,0.28748467189764776,0.015110537064991308,1593.8795491891542,2.9419999999999975,14.439750877540618,329.6832210698022,18908.297169398138
920.0,699.1496625946504,0.95,184.72380324730895,10687983.098938214,630242.7387554612,692.2640796200508,2892752.2138471673,14220006.240474274,830.4404298897713,0.11737362883909903,1419.5434207990272,221.08984771975994,14.498946429946999,756.0000000000001,0.6523855683877314,690.1464440870403,0.9950801076164661,3.371742877969539e-05,-0.006999376956499267,0.004817204301075269,552.1310687732762,0.2739775508475458,0.007735299244838868,1593.8795491891542,2.9419999999999975,14.498946429946999,168.7742783065828,9028.188933431777
930.0,699.3755398581229,0.95,184.37357080913756,8872953.065022577,522482.92284214124,691.2808551955893,2392496.4480760195,11798892.133752057,688.5250788426372,0.11771080312689598,1419.4734270294623,222.5245954800995,14.617953339193809,756.0000000000001,0.7868520240053765,688.4814759310335,0.9940690565966264,2.7976661787022156e-05,-0.005807655237038081,0.004817204301075269,567.4594274687535,0.2741859166793303,0.009186365984946954,1593.8795491891542,2.9419999999999975,14.617953339193809,200.43386756128137,10959.697811319676
940.0,691.5516859765065,0.95,185.2337854961983,21392458.11182652,1317555.0164102772,687.5768388741982,5977610.437430839,28691992.720558204,1736.4226744556058,0.11799056974476621,1419.4153504770918,223.7239952677811,14.717177931289019,756.0000000000001,0.3120020026435341,687.134791005148,0.9976440444898454,6.803233449711158e-05,-0.014122783723730752,0.004817204301075269,580.1682973641325,0.26438020828233016,0.0042655846918741415,1593.8795491891542,2.9419999999999975,14.717177931289019,93.07021633919773,4369.154890565547
950.0,698.7009064478469,0.95,183.64727179275857,6569687.44743661,388231.8950269278,688.0678005485179,1763945.7670162215,8736885.143310275,511.7676357871305,0.11867089308973733,1419.2741226398546,226.67488571014903,14.960289530113219,756.0000000000001,1.0586197992620587,683.8653604849378,0.9920287743840375,2.0716256912565027e-05,-0.0043004729751530075,0.004817204301075269,612.2193736882326,0.2731539502613031,0.012242437505189024,1593.8795491891542,2.9419999999999975,14.960289530113219,267.11022825771545,15020.033830516477
960.0,695.879695916779,0.95,183.70062173442852,7475510.625009926,448938.6810266403,686.4306173962095,2031448.3422385084,9968937.810285768,591.8307671687011,0.11887805565886297,1419.231117910103,227.58320169393374,15.03483273926603,756.0000000000001,0.9154092384510317,682.9343895397396,0.9931033976294585,2.3637609220649135e-05,-0.004906914414107968,0.004817204301075269,621.665635705031,0.2695100872177779,0.010768856017730212,1593.8795491891542,2.9419999999999975,15.03483273926603,234.9603863060842,13040.162010691962
970.0,693.2450632346417,0.95,183.72562367975846,8458114.098443162,515675.18736870517,684.7870356304669,2323855.871166414,11309048.829692857,679.8603805763344,0.11911443175106946,1419.1820487659618,228.62522956651517,15.120181878449428,756.0000000000001,0.7968803115229645,681.8752527051871,0.9939936952474218,2.6815181514895647e-05,-0.0055665443769761045,0.004817204301075269,632.5897116045937,0.26615217703386745,0.009552361529090165,1593.8795491891542,2.9419999999999975,15.120181878449428,208.41914857792176,11403.672714576544
980.0,693.8701775116559,0.95,183.4733288387771,7326191.808058557,445018.2403862142,684.2408800692339,2002820.9371568875,9787312.857574439,586.7576125778522,0.11938258356621842,1419.126383322192,229.81464430048842,15.21738446963306,756.0000000000001,0.9233239420373223,680.6809217849554,0.9930439769073882,2.3206953544125642e-05,-0.004817514909829653,0.004817204301075269,645.1386475682498,0.2668876114420494,0.010961889433000785,1593.8795491891542,2.9419999999999975,15.21738446963306,239.1719204798404,13281.871972780558
990.0,690.1324496076488,0.95,183.5891170009986,9141810.535330946,567391.0084142128,682.233903225224,2540649.3215389233,12260314.319125272,748.162195315366,0.11961465310165968,1419.0782081730936,230.85032974876958,15.301834264337593,756.0000000000001,0.7241308839955809,679.6686782320669,0.9945405278992503,2.907075200116076e-05,-0.006034776643098104,0.004817204301075269,655.9690826352046,0.2621980887169509,0.008862432875776807,1593.8795491891542,2.9419999999999975,15.301834264337593,193.36628119683593,10463.453841191138
1000.0,685.4310381326538,0.95,183.8063811142347,13435138.045773273,856892.8426165616,679.7373939209217,3812710.16496415,18111707.958725326,1130.005098008496,0.11990536062167129,1419.0178604066625,232.1560423042193,15.408050850598762,756.0000000000001,0.4794379714043707,678.4019598944018,0.9963820096923978,4.294514452734837e-05,-0.008914951877329014,0.004817204301075269,669.7787408351454,0.25644998659405255,0.006256656302549273,1593.8795491891542,2.9419999999999975,15.408050850598762,136.51266225438752,6966.905371340537
1010.0,687.3882780120551,0.95,183.25464226821322,8797798.62940934,554683.220087419,679.2136437291646,2465037.169423168,11828370.44144794,731.5750162765057,0.12033481206694477,1418.9287108878893,234.10205000683214,15.565834666241438,756.0000000000001,0.7405492804049288,676.5374166478728,0.9944170901297671,2.804655857352657e-05,-0.0058221650610222565,0.004817204301075269,690.636496366498,0.25869600878032506,0.009170308955828606,1593.8795491891542,2.9419999999999975,15.565834666241438,200.08353510581017,10851.422528012787
1020.0,686.6043111801392,0.95,183.10818826069118,8490461.170384973,537706.7863797303,678.1655795319023,2383320.873372447,11422743.14093136,709.2486402579169,0.12061527765268003,1418.8704892372791,235.38408364458348,15.669443909575806,756.0000000000001,0.7638609665416881,675.3600890306159,0.9942418531362328,2.7084765070416847e-05,-0.0056225070347070685,0.004817204301075269,704.1399866332525,0.2576888194751269,0.009478359568805607,1593.8795491891542,2.9419999999999975,15.669443909575806,206.8045780001484,11254.310794209963
1030.0,690.3133083011343,0.95,182.6753091923267,6028654.007989048,373626.69658833306,678.7641704178257,1658774.6798688204,8077336.43763003,492.8658316884939,0.12088612530338419,1418.814264166932,236.63058823100872,15.769924057690439,756.0000000000001,1.0992187265442328,674.240051062606,0.9917243398073663,1.9152383723310206e-05,-0.0039758296568478775,0.004817204301075269,717.2313742522248,0.2622183847414271,0.013239718639778585,1593.8795491891542,2.9419999999999975,15.769924057690439,288.8680695890594,16281.053183829526
1040.0,690.1227807358775,0.95,182.56480596695528,5826529.529186468,361476.6747996133,678.1950541569392,1602562.8984011665,7807459.4003015375,476.8676190813194,0.12107764914061729,1418.7745058703636,237.5170661497419,15.841228201202211,756.0000000000001,1.1360959104530934,673.4736976453885,0.9914478940179797,1.8512471220353727e-05,-0.0038429906774395013,0.004817204301075269,726.3287447377498,0.2619603595529028,0.01369961289767909,1593.8795491891542,2.9419999999999975,15.841228201202211,298.90156036980426,16890.29791428976
1050.0,687.5074381912979,0.95,182.60743450329267,6523466.218602565,410883.5387731512,676.7747664665208,1814991.0473520206,8764253.08989501,542.0784578696375,0.12126277385282083,1418.7360759635892,238.37791995032794,15.910348569798035,756.0000000000001,0.9994260867604484,672.7413019317344,0.9924728110382657,2.07811497666336e-05,-0.004313944036377064,0.004817204301075269,735.130818495776,0.2586880924067942,0.012227078607771474,1593.8795491891542,2.9419999999999975,15.910348569798035,266.77513861411825,14912.285167273125
1060.0,691.7998483812069,0.95,182.22327031040646,4923728.802755362,302477.5747154304,677.7896805885283,1339755.0311115836,6586299.316970944,399.0851886171201,0.12147058535048717,1418.6929365232254,239.34897592931088,15.98817245953665,756.0000000000001,1.3575230735650248,671.9193278811886,0.9897896091620536,1.5616946602290487e-05,-0.0032419107902076235,0.004817204301075269,745.136560923827,0.2640581220087763,0.016284445519882694,1593.8795491891542,2.9419999999999975,15.98817245953665,355.29349166439005,20337.908388567783
1070.0,675.5538344986415,0.95,183.45833917398372,21926123.908525925,1481225.2530971877,671.6608345828474,6456532.818269071,29868047.64740334,1954.4085154513584,0.12162675481651007,1418.6605174153233,240.0820143736441,16.046819127996745,756.0000000000001,0.27720271764200366,671.3212037213358,0.9979065418012916,7.082090909872077e-05,-0.014701661933439802,0.004817204301075269,752.5029182217098,0.24452043850821042,0.004202229240026748,1593.8795491891542,2.9419999999999975,16.046819127996745,91.68788048944096,4165.667511155976
1080.0,678.4017934322162,0.95,182.4995836098284,9501369.725620793,631013.1981708172,670.7581256329759,2744597.3326208084,12886893.24097558,832.7825269917931,0.12233496390749728,1418.5135007959889,243.44211434231502,16.314527174769385,756.0000000000001,0.6505508152563934,668.4741289453816,0.9950939102033478,3.055644967351575e-05,-0.006343191561689653,0.004817204301075269,788.5776006240469,0.24759410650708075,0.008520348342385919,1593.8795491891542,2.9419999999999975,16.314527174769385,185.90264427340625,9912.984563160173
1090.0,681.0597089120155,0.95,182.12396167974913,6935953.683525779,453443.2242080048,670.910002858046,1973242.4089449805,9376516.089643521,598.4925744365199,0.12264052840423244,1418.4500688803719,244.9102300982131,16.43092205562568,756.0000000000001,0.905219838986079,667.3003458299228,0.993179901177873,2.223290258160104e-05,-0.004615312366269858,0.004817204301075269,803.9491899995191,0.2506723390239156,0.011489327932953472,1593.8795491891542,2.9419999999999975,16.43092205562568,250.67933955925412,13876.77296475668
1100.0,674.6615225185566,0.95,182.41797251910646,11421588.916909683,775370.333040282,668.1422507980012,3349685.9149980936,15554795.466917057,1023.4722989936386,0.12286285743004845,1418.4039157567092,245.98547825200097,16.51594900081287,756.0000000000001,0.5293424672055124,666.4705661178643,0.9960061675951792,3.688238243143079e-05,-0.0076563874243818384,0.004817204301075269,814.9962302535207,0.24317106054621243,0.007216761924071354,1593.8795491891542,2.9419999999999975,16.51594900081287,157.46066452050667,8150.301968997295
1110.0,678.9231531807575,0.95,181.8861199103802,6877531.36903282,455223.83145858155,668.6911494950947,1969729.8661103586,9316467.005128212,600.9570541871009,0.12323168125436275,1418.3273518824653,247.78242712992073,16.657630092050486,756.0000000000001,0.901507600403535,665.0772984727071,0.9932077746898588,2.2090518626475343e-05,-0.00458575498272814,0.004817204301075269,833.8875919324573,0.248045578231068,0.011583401179635968,1593.8795491891542,2.9419999999999975,16.657630092050486,252.73178066318303,13981.938526451533
1120.0,679.7492461182584,0.95,181.70621891463983,6181777.139795942,407157.4861801933,668.4478475672109,1760733.0510145717,8365367.519601503,537.5411815752909,0.1234525864406275,1418.281494332638,248.8666588557206,16.742865835684178,756.0000000000001,1.007862040035918,664.2738411882494,0.9924095173023778,1.9835341756413563e-05,-0.0041176044271126365,0.004817204301075269,844.9801218185323,0.24899863187824017,0.012872326832233778,1593.8795491891542,2.9419999999999975,16.742865835684178,280.85265629238586,15699.842610796388
1130.0,674.116190948313,0.95,181.923927665085,8908030.17862455,606539.2996615589,666.0231454211072,2606170.2950618872,12131319.527293034,800.821976672698,0.12365093985819163,1418.2403182883668,249.84532478556156,16.819640849408003,756.0000000000001,0.6765140913299572,663.5640553160027,0.9948986099827721,2.8764889075856584e-05,-0.005971282776907728,0.004817204301075269,854.9021147131587,0.2423794165136373,0.009053022830094588,1593.8795491891542,2.9419999999999975,16.819640849408003,197.5245834374548,10579.753945037899
1140.0,669.3729523064745,0.95,182.08819383379603,13529361.678634256,947503.3726241267,663.7172467299564,4046417.9288304974,18530093.63007698,1251.117227451017,0.1239385887489502,1418.1806054605977,251.27324179772367,16.931384202723994,756.0000000000001,0.4330268499056387,662.5217587593015,0.9967316696722963,4.3937189737292944e-05,-0.009120889833857686,0.004817204301075269,869.6837728163048,0.23697541158550547,0.006243217267308916,1593.8795491891542,2.9419999999999975,16.931384202723994,136.2194425970849,6810.649988095879
1150.0,667.4337183775071,0.95,181.93730964815313,14204416.049039893,1006249.0725105442,662.0004714525719,4277994.201815229,19495127.623443127,1328.8750497693072,0.12437796064632313,1418.089396562259,253.4743300632218,17.102996067922632,756.0000000000001,0.40768870779825483,660.9283290661127,0.9969226182453081,4.622540708340733e-05,-0.009595899238296611,0.004817204301075269,892.7770290478275,0.23472838563740417,0.005998696639104511,1593.8795491891542,2.9419999999999975,17.102996067922632,130.8843638100605,6468.300077459403
1160.0,669.0455674940549,0.95,181.50014616322096,9551804.022316864,670058.423421401,661.4373150613009,2844778.1914629918,13076442.596110485,885.0258339258713,0.1248402147171572,1417.993437569876,255.81647038543156,17.28476007259355,756.0000000000001,0.6121486301282005,659.2803873122393,0.9953828483246815,3.1005895107921214e-05,-0.0064364916183854304,0.004817204301075269,917.3055475196918,0.23640537162157713,0.008503593181566772,1593.8795491891542,2.9419999999999975,17.28476007259355,185.5370778173042,9801.958909228317
1170.0,665.1294408428893,0.95,181.58172917699684,13324568.737738127,956830.8803458805,659.4055428551355,4040282.3689858075,18328588.0709686,1263.926475377742,0.12515027366823642,1417.9290726536922,257.40284227147566,17.407378924373738,756.0000000000001,0.42863834441309234,658.2071327220503,0.9967647388886602,4.345939463488215e-05,-0.009021704689830446,0.004817204301075269,933.6414494687099,0.2320229137219652,0.006346889824877379,1593.8795491891542,2.9419999999999975,17.407378924373738,138.4814221694294,6906.083898787197
1180.0,658.459884589741,0.95,182.4076716383224,51558253.96741459,3854134.378117952,656.2071263824398,16134477.9646267,71548595.52945164,5091.834168955462,0.12558486761458523,1417.838855606794,259.6474132314827,17.580195965005995,756.0000000000001,0.1063992529782109,656.7065124019903,0.9991959450730271,0.00016965074650846686,-0.03521767728858798,0.004817204301075269,956.971140174968,0.22482807330800791,0.0024563763892568196,1593.8795491891542,2.9419999999999975,17.580195965005995,53.59545334471076,1729.21929240637
1190.0,651.4920423636827,0.95,183.91639423233195,185509727.64204454,14462349.5808067,650.1089854173583,59559025.31125543,259531579.07963973,19117.168233927863,0.1272813750796699,1417.486678833908,268.65049306478465,18.265468946264043,756.0000000000001,0.02833930973648588,651.0104712436962,0.9997857777672522,0.0006153821162744986,-0.12774673395876868,0.004817204301075269,1050.9567624428976,0.21721525568892025,0.001477072145962801,1593.8795491891542,2.9419999999999975,18.265468946264043,32.22812369312076,476.54553304918846
1200.0,639.294165994181,0.95,178.37024477149896,15117059.661791977,1268560.2548922389,634.1702065074163,5000846.364591453,21392618.549040716,1680.1873014292566,0.1334351962424149,1416.2092114943202,304.8264188958735,20.89619601989817,756.0000000000001,0.3224446175762276,633.4085986064476,0.9975652874234412,5.072459745379223e-05,-0.010529882953577404,0.004817204301075269,1403.8235080688628,0.20371824492532223,0.006018069793801648,1593.8795491891542,2.9419999999999975,20.89619601989817,131.30705770808683,6152.267765047587
1210.0,639.1091307350429,0.95,178.11001291069022,12687603.87452508,1065749.506274322,633.1871720982898,4189912.513566293,17950665.816101424,1411.798960706616,0.1339424422169528,1416.1039126647845,308.0772729401578,21.123369077297536,756.0000000000001,0.38374256317247313,632.0800082416758,0.9971031103284846,4.256329329025145e-05,-0.008835683651770948,0.004817204301075269,1434.8365858344916,0.20343767351470207,0.006968052505662161,1593.8795491891542,2.9419999999999975,21.123369077297536,152.03422734916074,7399.921735731641
1220.0,636.4016155527114,0.95,178.0382201697632,16343749.730266634,1396183.6289061124,631.595491097559,5464046.407579576,23209678.208480295,1849.7794285656403,0.13436807514985533,1416.0155558282668,310.83916514386544,21.315223486378247,756.0000000000001,0.29288213691828585,630.9856596508293,0.9977882605530374,5.50330751449784e-05,-0.011424276760006676,0.004817204301075269,1460.8957227655844,0.200757995413,0.005705830390619862,1593.8795491891542,2.9419999999999975,21.315223486378247,124.49444475553052,5698.441727973498
1230.0,639.9595783811252,0.95,177.5795633544675,8669113.723218355,724107.8785639682,631.7052922167406,2835261.820977061,12239596.742779402,959.5284620482458,0.1349184059013051,1415.9013130606668,314.4570667429234,21.5649575911604,756.0000000000001,0.5646183237851156,629.580990926668,0.9957405826319325,2.9021628013933418e-05,-0.006024579029678142,0.004817204301075269,1495.0391502385614,0.20409526279486984,0.00977541460749504,1593.8795491891542,2.9419999999999975,21.5649575911604,213.28570106735853,11113.32002001857
1240.0,639.3751293716689,0.95,177.46443515269985,8556141.562227683,717221.0773908161,631.0242546586336,2802909.93833865,12087560.395561222,950.4917277465094,0.13520862218144444,1415.84106727037,316.38654187421474,21.697416015074406,756.0000000000001,0.5699863934115971,628.8649382504285,0.9957001737037701,2.866113065390673e-05,-0.0059497436402083164,0.004817204301075269,1512.7502297036442,0.2034763751523555,0.009914866414729388,1593.8795491891542,2.9419999999999975,21.697416015074406,216.32824298363033,11287.817604072574
1250.0,636.0475843909292,0.95,177.47486125004576,11285638.357382817,965885.2421397447,629.5124149537505,3758150.760569457,16018106.256881522,1280.1505139989974,0.1354952334879835,1415.781569833968,318.30685661409115,21.82874635148168,756.0000000000001,0.4232059792511358,628.163847352303,0.9968056755419807,3.7980950765319954e-05,-0.007884438440122222,0.004817204301075269,1530.2945081558823,0.20020448945383335,0.007788182721174297,1593.8795491891542,2.9419999999999975,21.82874635148168,169.92810447721337,8431.89678950318
1260.0,632.709670025252,0.95,177.45428091627002,16077451.16432406,1405089.0698726797,627.848501661239,5440666.633283333,22929049.154672038,1862.4844122317982,0.1358750429956367,1415.7027254495667,320.87451526892715,22.00357526709593,756.0000000000001,0.29088423414862064,627.2321948532121,0.9978033314053587,5.436766825448342e-05,-0.01128614541889946,0.004817204301075269,1553.923663910475,0.19697770599999195,0.005859942963570962,1593.8795491891542,2.9419999999999975,22.00357526709593,127.85696014111839,5842.28719196442
1270.0,632.0730230912,0.95,177.20837659848922,14279505.569006601,1252773.061509754,626.7216980109868,4835399.741152359,20374305.815388154,1660.87705715018,0.13641871967818156,1415.5898639953778,324.59603554025705,22.25541139542511,756.0000000000001,0.32619353102232823,625.9017337812612,0.9975370150425373,4.831004949285955e-05,-0.010028648667044504,0.004817204301075269,1588.3016013372614,0.19627681920513673,0.006465746746938193,1593.8795491891542,2.9419999999999975,22.25541139542511,141.0746999473279,6627.4437194377315
1280.0,624.8490774628423,0.95,182.52781946614445,783693487.0770948,71979058.54875892,623.7666603257683,275403514.078101,1131076176.2259078,95441.89233338188,0.13690182017311014,1415.4895775087073,327.9491230226625,22.480751681349012,756.0000000000001,0.005676410417066942,624.7393592700998,0.999957087258025,0.0026819243094112224,-0.5567387517304546,0.004817204301075269,1618.9582485388746,0.18961665899445593,0.00131737451940532,1593.8795491891542,2.9419999999999975,22.480751681349012,28.743695584148902,116.521953066971
1290.0,584.9502710352493,0.95,167.21400289011646,16318076.619528858,1934519.1998420423,580.315911285658,6485225.827269086,24745829.78861636,2587.5366962397643,0.16372106326722236,1409.9221899914028,611.0517029040986,37.43125087508113,756.0000000000001,0.20937571731952342,579.9725912604645,0.9984183716715553,5.8675484341018724e-05,-0.012180401883291832,0.004817204301075269,3380.634953580068,0.15301682289325808,0.008517904881433126,1593.8795491891542,2.9419999999999975,37.43125087508113,185.8493325018061,8008.141976374665
1300.0,584.646575028805,0.95,166.98789860949393,14706341.504528759,1746738.0815499993,579.60197143341,5842273.175101682,22304353.46521302,2336.8150618155582,0.16430781811063255,1409.8003859725698,620.2410430645494,37.81483855640908,756.0000000000001,0.23184006330602447,579.1196132296227,0.9982488242221249,5.288643596371512e-05,-0.010978657465681933,0.004817204301075269,3428.3959839804525,0.15271755851153146,0.009290038542515417,1593.8795491891542,2.9419999999999975,37.81483855640908,202.6957954280396,9000.70403257937
1310.0,583.8348837798318,0.95,166.80089769393396,14820745.182173051,1769830.8565013383,578.8263439268808,5904500.933375038,22504079.505479235,2368.1173253969114,0.1648366824702697,1409.690599397913,628.6770908861274,38.162759371613994,756.0000000000001,0.22877555349796141,578.359435515277,0.9982719516134722,5.336001160244861e-05,-0.011076966694258304,0.004817204301075269,3471.529167509652,0.15204835119344565,0.009314647684968537,1593.8795491891542,2.9419999999999975,38.162759371613994,203.23271738040395,9002.533429804875
1320.0,579.3129378949503,0.95,166.7441133750214,46542217.483204804,5732452.458634103,577.1098253044077,19012975.89187187,71290463.07198629,7671.627299245953,0.1653702825862942,1409.5798297309705,637.3393792449484,38.51589511402652,756.0000000000001,0.07061961311898468,577.5986504282268,0.9994662582156711,0.00016903868188605182,-0.03509061923080986,0.004817204301075269,3515.2401315838315,0.14868515725112377,0.004622679056832181,1593.8795491891542,2.9419999999999975,38.51589511402652,100.86155670884047,2817.2382755144718
1330.0,577.6227187813804,0.95,166.1069918089434,32846076.90576791,4090846.840268617,574.8869166797758,13469430.522407778,50410476.15863792,5477.7193284783525,0.1670606694051547,1409.2289235386625,665.8185196237796,39.64857812966508,756.0000000000001,0.09890381733309568,575.1974518185386,0.9992525666085634,0.00011952959871364423,-0.02481306401868061,0.004817204301075269,3656.8438526797163,0.14724640507067976,0.0057114154442262435,1593.8795491891542,2.9419999999999975,39.64857812966508,124.6163026698668,4121.890193610324
1340.0,578.9113373246236,0.95,165.58949306628375,14963850.25274064,1846428.3744944045,573.9661814717497,6062005.14769546,22881702.241764024,2473.36647560513,0.16825596539229115,1408.9807928984756,686.9551120608529,40.462422662482844,756.0000000000001,0.2190404686120129,573.5391751161515,0.9983454243792783,5.425540275073347e-05,-0.011262840303165652,0.004817204301075269,3757.9521846900093,0.1480210690744602,0.009780825128176223,1593.8795491891542,2.9419999999999975,40.462422662482844,213.40374720190806,9418.46683351975
